feature,importance
petal width (cm),0.45605681687234806
petal length (cm),0.4168583537340162
sepal length (cm),0.11822057957074805
sepal width (cm),0.008864249822887723
